{
  "results": [
    {
      "command": "cargo run --release -- -m silent -i 200",
      "mean": 1.5412251384600002,
      "stddev": 0.011022154567402196,
      "median": 1.5375608348600003,
      "user": 1.5177696599999997,
      "system": 0.01235734,
      "min": 1.52881749336,
      "max": 1.56195993136,
      "times": [
        1.56195993136,
        1.5395804003600002,
        1.5355412693600001,
        1.53470600036,
        1.5592542633600002,
        1.53490763636,
        1.5422015663600002,
        1.54213581136,
        1.5331470123600002,
        1.52881749336
      ],
      "exit_codes": [
        0,
        0,
        0,
        0,
        0,
        0,
        0,
        0,
        0,
        0
      ]
    }
  ]
}
