{
  "results": [
    {
      "command": "cargo run --release -- -m silent -i 200",
      "mean": 1.54753250396,
      "stddev": 0.010752189459989809,
      "median": 1.5427987288599998,
      "user": 1.52042396,
      "system": 0.011991360000000001,
      "min": 1.53534305586,
      "max": 1.5689072338599999,
      "times": [
        1.5689072338599999,
        1.55420879286,
        1.55573224786,
        1.53762903686,
        1.5417049538599998,
        1.54061568686,
        1.5406580798599998,
        1.5438925038599998,
        1.55663344786,
        1.53534305586
      ],
      "exit_codes": [
        0,
        0,
        0,
        0,
        0,
        0,
        0,
        0,
        0,
        0
      ]
    }
  ]
}
