{
  "results": [
    {
      "command": "cargo run --release -- -m silent -i 1000",
      "mean": 6.882229923780001,
      "stddev": 0.034052302806863055,
      "median": 6.87064302658,
      "user": 6.815005940000001,
      "system": 0.010294352,
      "min": 6.8521631775800005,
      "max": 6.965454992580001,
      "times": [
        6.904120352580001,
        6.8629283475800005,
        6.894931088580001,
        6.85894886358,
        6.885757042580001,
        6.856769653580001,
        6.862868013580001,
        6.965454992580001,
        6.87835770558,
        6.8521631775800005
      ],
      "exit_codes": [
        0,
        0,
        0,
        0,
        0,
        0,
        0,
        0,
        0,
        0
      ]
    }
  ]
}
