{
  "results": [
    {
      "command": "cargo run --release -- -m silent -i 1000",
      "mean": 0.4927454018999999,
      "stddev": 0.003333988282086531,
      "median": 0.49259101780000003,
      "user": 0.4778345399999999,
      "system": 0.01322428,
      "min": 0.48972838080000003,
      "max": 0.5001960848,
      "times": [
        0.4928348428,
        0.49421341280000003,
        0.5001960848,
        0.4923471928,
        0.4897812708,
        0.4897423078,
        0.48972838080000003,
        0.49554246080000003,
        0.49002745280000004,
        0.4930406128
      ],
      "exit_codes": [
        0,
        0,
        0,
        0,
        0,
        0,
        0,
        0,
        0,
        0
      ]
    }
  ]
}
