{
  "results": [
    {
      "command": "cargo run --release -- -m silent -i 1000",
      "mean": 3.81157819204,
      "stddev": 0.020862221432892077,
      "median": 3.81095261714,
      "user": 3.7818707399999996,
      "system": 0.010379742,
      "min": 3.78942869314,
      "max": 3.86294153214,
      "times": [
        3.86294153214,
        3.81609085814,
        3.79460962614,
        3.80782907314,
        3.81407616114,
        3.81975783614,
        3.78942869314,
        3.8017465111399997,
        3.81465480814,
        3.79464682114
      ],
      "exit_codes": [
        0,
        0,
        0,
        0,
        0,
        0,
        0,
        0,
        0,
        0
      ]
    }
  ]
}
