{
  "results": [
    {
      "command": "cargo run --release -- -m silent -i 1000",
      "mean": 7.33089240518,
      "stddev": 0.03549758351178928,
      "median": 7.33107407208,
      "user": 7.2936888,
      "system": 0.01438318,
      "min": 7.24851343858,
      "max": 7.39084345258,
      "times": [
        7.39084345258,
        7.32458033658,
        7.3429533755800005,
        7.32740251558,
        7.33474562858,
        7.32349036958,
        7.35317541658,
        7.32172047458,
        7.34149904358,
        7.24851343858
      ],
      "exit_codes": [
        0,
        0,
        0,
        0,
        0,
        0,
        0,
        0,
        0,
        0
      ]
    }
  ]
}
