{
  "results": [
    {
      "command": "cargo run --release -- -m silent -i 1000",
      "mean": 6.846681798840001,
      "stddev": 0.03444751574858977,
      "median": 6.8427419703400005,
      "user": 6.804422380000001,
      "system": 0.013174964,
      "min": 6.82028153484,
      "max": 6.939804537840001,
      "times": [
        6.8465253098400005,
        6.82048949384,
        6.84935803884,
        6.840546204840001,
        6.845235849840001,
        6.828059346840001,
        6.84493773584,
        6.939804537840001,
        6.831579935840001,
        6.82028153484
      ],
      "exit_codes": [
        0,
        0,
        0,
        0,
        0,
        0,
        0,
        0,
        0,
        0
      ]
    }
  ]
}
