{
  "results": [
    {
      "command": "cargo run --release -- -m silent -i 1000",
      "mean": 7.351656554000002,
      "stddev": 0.03278647647896317,
      "median": 7.350771072300001,
      "user": 7.295489719999999,
      "system": 0.0160456,
      "min": 7.2800127058,
      "max": 7.4021078898,
      "times": [
        7.3355977108,
        7.2800127058,
        7.4021078898,
        7.3713577028,
        7.3365577558,
        7.3559951848,
        7.3679994618,
        7.3455469598,
        7.3785244438,
        7.3428657248
      ],
      "exit_codes": [
        0,
        0,
        0,
        0,
        0,
        0,
        0,
        0,
        0,
        0
      ]
    }
  ]
}
