{
  "results": [
    {
      "command": "cargo run --release -- -m silent -i 1000",
      "mean": 7.04867942626,
      "stddev": 0.06260332289288817,
      "median": 7.03105722876,
      "user": 7.027786859999999,
      "system": 0.01699518,
      "min": 7.00802836926,
      "max": 7.22222144726,
      "times": [
        7.05575477826,
        7.03211838126,
        7.0094609082599995,
        7.03616301726,
        7.0242963842599995,
        7.02999607626,
        7.04248510226,
        7.0262697982599995,
        7.00802836926,
        7.22222144726
      ],
      "exit_codes": [
        0,
        0,
        0,
        0,
        0,
        0,
        0,
        0,
        0,
        0
      ]
    }
  ]
}
