{
  "results": [
    {
      "command": "cargo run --release -- -m silent -i 1000",
      "mean": 1.3340008781000001,
      "stddev": 0.026626984310964916,
      "median": 1.3441225599000002,
      "user": 1.32768476,
      "system": 0.00564295,
      "min": 1.2936260164,
      "max": 1.3596283694,
      "times": [
        1.2939382844,
        1.2936260164,
        1.3017848514,
        1.3450193584,
        1.3432257614,
        1.3596283694,
        1.3589473034000001,
        1.3502195234,
        1.3428611434000002,
        1.3507581694000002
      ],
      "exit_codes": [
        0,
        0,
        0,
        0,
        0,
        0,
        0,
        0,
        0,
        0
      ]
    }
  ]
}
