{
  "results": [
    {
      "command": "cargo run --release -- -m silent -i 1000",
      "mean": 1.3479153242200002,
      "stddev": 0.018893115061318612,
      "median": 1.34931599922,
      "user": 1.33664148,
      "system": 0.01037536,
      "min": 1.31993496872,
      "max": 1.37504306972,
      "times": [
        1.31993496872,
        1.33788243072,
        1.3391906837199998,
        1.32008945072,
        1.37504306972,
        1.3650023737199999,
        1.36509994372,
        1.35827832272,
        1.3540107747199999,
        1.34462122372
      ],
      "exit_codes": [
        0,
        0,
        0,
        0,
        0,
        0,
        0,
        0,
        0,
        0
      ]
    }
  ]
}
