{
  "results": [
    {
      "command": "cargo run --release -- -m silent -i 1000",
      "mean": 2.8487051678,
      "stddev": 0.0278283245229872,
      "median": 2.8560559138,
      "user": 2.8376093199999994,
      "system": 0.009635759999999998,
      "min": 2.7921254223000003,
      "max": 2.8804654913000003,
      "times": [
        2.8558703193,
        2.8804654913000003,
        2.8106278123000004,
        2.8674637773000002,
        2.7921254223000003,
        2.8473886763,
        2.8622672053000002,
        2.8733696363,
        2.8412318293000003,
        2.8562415083
      ],
      "exit_codes": [
        0,
        0,
        0,
        0,
        0,
        0,
        0,
        0,
        0,
        0
      ]
    }
  ]
}
