{
  "results": [
    {
      "command": "cargo run --release -- -m silent -i 1000",
      "mean": 0.20610568956285716,
      "stddev": 0.0010881181104409195,
      "median": 0.20628401042,
      "user": 0.19921382857142858,
      "system": 0.006882889999999998,
      "min": 0.20300056442,
      "max": 0.20733035242,
      "times": [
        0.20733035242,
        0.20563777042,
        0.20600554242,
        0.20636712042,
        0.20620090042,
        0.20677212842,
        0.20595416842,
        0.20546239742,
        0.20537078742,
        0.20300056442,
        0.20730536642,
        0.20687966442,
        0.20663564642,
        0.20655724442
      ],
      "exit_codes": [
        0,
        0,
        0,
        0,
        0,
        0,
        0,
        0,
        0,
        0,
        0,
        0,
        0,
        0
      ]
    }
  ]
}
