{
  "results": [
    {
      "command": "cargo run --release -- -m silent -i 1000",
      "mean": 2.84225490766,
      "stddev": 0.05685777053633001,
      "median": 2.86778567936,
      "user": 2.8321397799999994,
      "system": 0.01004853,
      "min": 2.73129984686,
      "max": 2.90483240986,
      "times": [
        2.87935211386,
        2.8668167368599997,
        2.86824496086,
        2.90483240986,
        2.86981394586,
        2.87491309186,
        2.78070007486,
        2.77924949786,
        2.73129984686,
        2.86732639786
      ],
      "exit_codes": [
        0,
        0,
        0,
        0,
        0,
        0,
        0,
        0,
        0,
        0
      ]
    }
  ]
}
