{
  "results": [
    {
      "command": "cargo run --release -- -m silent -i 1000",
      "mean": 1.5386533005399998,
      "stddev": 0.04289268206972552,
      "median": 1.52957080814,
      "user": 1.5331795199999998,
      "system": 0.005290151999999999,
      "min": 1.4945965421399998,
      "max": 1.65520739714,
      "times": [
        1.52491100814,
        1.54086203314,
        1.53211492714,
        1.52029569614,
        1.65520739714,
        1.53741648114,
        1.52191429214,
        1.4945965421399998,
        1.52702668914,
        1.53218793914
      ],
      "exit_codes": [
        0,
        0,
        0,
        0,
        0,
        0,
        0,
        0,
        0,
        0
      ]
    }
  ]
}
